<?xml version="1.0" encoding="UTF-8"?>
<LightningMessageChannel xmlns="http://soap.sforce.com/2006/04/metadata">
    <description>Hit Difference</description>
    <isExposed>true</isExposed>
    <lightningMessageFields>
        <description>Primary version ID</description>
        <fieldName>primaryVersion</fieldName>
    </lightningMessageFields>
    <lightningMessageFields>
        <description>Secondary version ID</description>
        <fieldName>secondaryVersion</fieldName>
    </lightningMessageFields>
    <masterLabel>GetDifferenceChannel</masterLabel>
</LightningMessageChannel>
