<?xml version="1.0" encoding="UTF-8"?>
<LightningMessageChannel xmlns="http://soap.sforce.com/2006/04/metadata">
    <description>Update propsetmap data on the Omniscript Finder Propset data component</description>
    <isExposed>true</isExposed>
    <lightningMessageFields>
        <description>Pass the recordId to update the propsetMap data</description>
        <fieldName>recordId</fieldName>
    </lightningMessageFields>
    <masterLabel>PropsetMapUpdateChannel</masterLabel>
</LightningMessageChannel>
